,count,mean,std,min,25%,50%,75%,max,Class
0,82.0,22.661937297784966,8.422021594700148,9.1796875,17.567661830357146,20.27363679846939,26.21871014030612,51.92522321428571,Deepforest
1,82.0,21.868194686411147,8.132905313891829,0.332828443877551,18.500876913265305,21.714564732142854,26.517657844387756,43.1461256377551,Dense Forest
2,82.0,15.417948334059233,5.203555180912565,0.665656887755102,12.625558035714285,15.138711734693878,18.249760841836736,33.4602200255102,Medium Vegetation
3,82.0,15.99153905083375,5.0512289784375,3.316326530612245,13.717713647959183,16.18901466836735,18.95477917729592,32.69292091836735,Light Vegetation=
4,82.0,10.224376049962668,3.3716599633664117,3.2087053571428568,7.742247289540816,10.247927295918366,12.845284598214285,17.344945790816325,Urban
5,82.0,13.83600458094823,3.8378864408609017,3.374123086734694,11.414321588010203,13.74362244897959,16.379842952806122,22.61639030612245,Urban 1
